{"cameraMode":{"drawMode":0,"name":"Shaded","section":"Shading Mode"},"sceneLighting":true,"audioPlay":false,"sceneViewState":{"showFog":true,"showMaterialUpdate":false,"showSkybox":true,"showFlares":true,"showImageEffects":true,"showParticleSystems":true},"in2DMode":false,"pivot":{"x":0.26604872941970827,"y":-0.13302472233772279,"z":-0.8480233550071716},"rotation":{"x":-0.0023864470422267915,"y":0.9834328293800354,"z":-0.18079382181167603,"w":-0.012981177307665348},"size":7.287011623382568,"orthographic":false}